{
    "nations": [
        { "code": "ES", "name": "Spain", "search": "ESP" },
        { "code": "GR", "name": "Greece", "search": "GRE" },
        { "code": "BR", "name": "Brazil", "search": "BRA" },
        { "code": "SE", "name": "Sweden", "search": "SWE" },
        { "code": "CI", "name": "Côte d'Ivoire", "search": "CIV" },
        { "code": "GN", "name": "Guinea", "search": "GUI" },
        { "code": "GH", "name": "Ghana", "search": "GHA" },
        { "code": "FR", "name": "France", "search": "FRA" },
        { "code": "PL", "name": "Poland", "search": "POL" },
        { "code": "DE", "name": "Germany", "search": "GER" },
        { "code": "DK", "name": "Denmark", "search": "DEN" },
        { "code": "NL", "name": "Netherlands", "search": "NED" },
        { "code": "SN", "name": "Senegal", "search": "SEN" },
        { "code": "MA", "name": "Morocco", "search": "MAR" },
        { "code": "AD", "name": "Andorra", "search": "AND" },
        { "code": "CV", "name": "Cape Verde", "search": "CPV" },
        { "code": "HR", "name": "Croatia", "search": "CRO" },
        { "code": "UY", "name": "Uruguay", "search": "URU" },
        { "code": "AO", "name": "Angola", "search": "ANG" },
        { "code": "AL", "name": "Albania", "search": "ALB" },
        { "code": "RO", "name": "Romania", "search": "ROU" },
        { "code": "AR", "name": "Argentina", "search": "ARG" },
        { "code": "CM", "name": "Cameroon", "search": "CMR" },
        { "code": "EE", "name": "Estonia", "search": "EST" },
        { "code": "CH", "name": "Switzerland", "search": "SUI" },
        { "code": "VE", "name": "Venezuela", "search": "VEN" },
        { "code": "SR", "name": "Suriname", "search": "SUR" },
        { "code": "ML", "name": "Mali", "search": "MLI" },
        { "code": "JP", "name": "Japan", "search": "JPN" },
        { "code": "NG", "name": "Nigeria", "search": "NGA" },
        { "code": "PY", "name": "Paraguay", "search": "PAR" },
        { "code": "TG", "name": "Togo", "search": "TOG" },
        { "code": "DO", "name": "Dominican Republic", "search": "DOM" },
        { "code": "PT", "name": "Portugal", "search": "POR" },
        { "code": "SI", "name": "Slovenia", "search": "SVN" },
        { "code": "MZ", "name": "Mozambique", "search": "MOZ" },
        { "code": "NO", "name": "Norway", "search": "NOR" },
        { "code": "BE", "name": "Belgium", "search": "BEL" },
        { "code": "GB-SCT", "name": "Scotland", "search": "SCT" },
        { "code": "GB-ENG", "name": "England", "search": "ENG" },
        { "code": "TR", "name": "Turkey", "search": "TUR" },
        { "code": "UA", "name": "Ukraine", "search": "UKR" },
        { "code": "US", "name": "United States of America", "search": "USA" },
        { "code": "CO", "name": "Colombia", "search": "COL" },
        { "code": "CZ", "name": "Czech Republic", "search": "CZE" },
        { "code": "RS", "name": "Serbia", "search": "SRB" },
        { "code": "XK", "name": "Kosovo", "search": "KVX" },
        { "code": "GQ", "name": "Equatorial Guinea", "search": "EQG" },
        { "code": "CA", "name": "Canada", "search": "CAN" },
        { "code": "PE", "name": "Peru", "search": "PER" },
        { "code": "GE", "name": "Georgia", "search": "GEO" },
        { "code": "MK", "name": "North Macedonia", "search": "MKD" }
    ]
}
