{
    "teams": [
        {
            "cover": "/teams/Alaves.png", 
            "title": "Alaves"
        }, 
        {
            "cover": "/teams/Athletic-Club.png", 
            "title": "Athletic-Club"
        },
        {
            "cover": "/teams/Atletico-Madrid.png", 
            "title": "Atletico-Madrid"
        },
        {
            "cover": "/teams/Barcelona.png", 
            "title": "Barcelona"
        },
        {
            "cover": "/teams/Celta-Vigo.png", 
            "title": "Celta-Vigo"
        },
        {
            "cover": "/teams/Espanyol.png", 
            "title": "Espanyol"
        },
        {
            "cover": "/teams/Getafe.png", 
            "title": "Getafe"
        }, 
        {
            "cover": "/teams/Girona.png", 
            "title": "Girona"
        },
        {
            "cover": "/teams/Las-Palmas.png", 
            "title": "Las-Palmas"
        },
        {
            "cover": "/teams/Leganes.png", 
            "title": "Leganes"
        },
        {
            "cover": "/teams/Mallorca.png", 
            "title": "Mallorca"
        },
        {
            "cover": "/teams/Osasuna.png", 
            "title": "Osasuna"
        },
        {
            "cover": "/teams/Rayo-Vallecano.png", 
            "title": "Rayo-Vallecano"
        },
        {
            "cover": "/teams/Real-Betis.png", 
            "title": "Real-Betis"
        },
        {
            "cover": "/teams/Real-Madrid.png", 
            "title": "Real-Madrid"
        },
        {
            "cover": "/teams/Real-Sociedad.png", 
            "title": "Real-Sociedad"
        },
        {
            "cover": "/teams/Sevilla.png", 
            "title": "Sevilla"
        },
        {
            "cover": "/teams/Valencia.png", 
            "title": "Valencia"
        },
        {
            "cover": "/teams/Valladolid.png", 
            "title": "Valladolid"
        },
        {
            "cover": "/teams/Villarreal.png", 
            "title": "Villarreal"
        }
    ]
}